location,month,year,source_pdf,rows_expected,rows_extracted,extraction_status,warnings
"Anuradhapura_Polonnaruwa","April",2026,"05-ANURADHAPURA-DISTRICT-POLONNARUWA-DISTRICT-4-Apr.pdf",30,30,"success",""
"Anuradhapura_Polonnaruwa","August",2026,"05-ANURADHAPURA-DISTRICT-POLONNARUWA-DISTRICT-8-Aug.pdf",31,31,"success",""
"Anuradhapura_Polonnaruwa","December",2026,"05-ANURADHAPURA-DISTRICT-POLONNARUWA-DISTRICT-12-Dec.pdf",31,31,"success",""
"Anuradhapura_Polonnaruwa","February",2026,"05-ANURADHAPURA-DISTRICT-POLONNARUWA-DISTRICT-2-Feb.pdf",28,29,"warning","Expected 28 days, found 29"
"Anuradhapura_Polonnaruwa","January",2026,"05-ANURADHAPURA-DISTRICT-POLONNARUWA-DISTRICT-1-Jan.pdf",31,31,"success",""
"Anuradhapura_Polonnaruwa","July",2026,"05-ANURADHAPURA-DISTRICT-POLONNARUWA-DISTRICT-7-July.pdf",31,31,"success",""
"Anuradhapura_Polonnaruwa","June",2026,"05-ANURADHAPURA-DISTRICT-POLONNARUWA-DISTRICT-6-June.pdf",30,30,"success",""
"Anuradhapura_Polonnaruwa","March",2026,"05-ANURADHAPURA-DISTRICT-POLONNARUWA-DISTRICT-3-Mar.pdf",31,31,"success",""
"Anuradhapura_Polonnaruwa","May",2026,"05-ANURADHAPURA-DISTRICT-POLONNARUWA-DISTRICT-5-May.pdf",31,31,"success",""
"Anuradhapura_Polonnaruwa","November",2026,"05-ANURADHAPURA-DISTRICT-POLONNARUWA-DISTRICT-11-Nov.pdf",30,30,"success",""
"Anuradhapura_Polonnaruwa","October",2026,"05-ANURADHAPURA-DISTRICT-POLONNARUWA-DISTRICT-10-Oct.pdf",31,31,"success",""
"Anuradhapura_Polonnaruwa","September",2026,"05-ANURADHAPURA-DISTRICT-POLONNARUWA-DISTRICT-9-Sep.pdf",30,30,"success",""
"Badulla_Monaragala_Padiyatalawa_Dehiaththakandiya","April",2026,"10-BADULLA-DISTRICT-MONARAGALA-DISTRICT-PADIYATALAWA-DEHIATHTHAKANDIYA.-4-Apr.pdf",30,30,"success",""
"Badulla_Monaragala_Padiyatalawa_Dehiaththakandiya","August",2026,"10-BADULLA-DISTRICT-MONARAGALA-DISTRICT-PADIYATALAWA-DEHIATHTHAKANDIYA.-8-Aug.pdf",31,31,"success",""
"Badulla_Monaragala_Padiyatalawa_Dehiaththakandiya","December",2026,"10-BADULLA-DISTRICT-MONARAGALA-DISTRICT-PADIYATALAWA-DEHIATHTHAKANDIYA.-12-Dec.pdf",31,31,"success",""
"Badulla_Monaragala_Padiyatalawa_Dehiaththakandiya","February",2026,"10-BADULLA-DISTRICT-MONARAGALA-DISTRICT-PADIYATALAWA-DEHIATHTHAKANDIYA.-2-Feb.pdf",28,29,"warning","Expected 28 days, found 29"
"Badulla_Monaragala_Padiyatalawa_Dehiaththakandiya","January",2026,"10-BADULLA-DISTRICT-MONARAGALA-DISTRICT-PADIYATALAWA-DEHIATHTHAKANDIYA.-1-Jan.pdf",31,31,"success",""
"Badulla_Monaragala_Padiyatalawa_Dehiaththakandiya","July",2026,"10-BADULLA-DISTRICT-MONARAGALA-DISTRICT-PADIYATALAWA-DEHIATHTHAKANDIYA.-7-July.pdf",31,31,"success",""
"Badulla_Monaragala_Padiyatalawa_Dehiaththakandiya","June",2026,"10-BADULLA-DISTRICT-MONARAGALA-DISTRICT-PADIYATALAWA-DEHIATHTHAKANDIYA.-6-June.pdf",30,30,"success",""
"Badulla_Monaragala_Padiyatalawa_Dehiaththakandiya","March",2026,"10-BADULLA-DISTRICT-MONARAGALA-DISTRICT-PADIYATALAWA-DEHIATHTHAKANDIYA.-3-Mar.pdf",31,31,"success",""
"Badulla_Monaragala_Padiyatalawa_Dehiaththakandiya","May",2026,"May_010.pdf",31,31,"success",""
"Badulla_Monaragala_Padiyatalawa_Dehiaththakandiya","November",2026,"10-BADULLA-DISTRICT-MONARAGALA-DISTRICT-PADIYATALAWA-DEHIATHTHAKANDIYA.-11-Nov.pdf",30,30,"success",""
"Badulla_Monaragala_Padiyatalawa_Dehiaththakandiya","October",2026,"10-BADULLA-DISTRICT-MONARAGALA-DISTRICT-PADIYATALAWA-DEHIATHTHAKANDIYA.-10-Oct.pdf",31,31,"success",""
"Badulla_Monaragala_Padiyatalawa_Dehiaththakandiya","September",2026,"10-BADULLA-DISTRICT-MONARAGALA-DISTRICT-PADIYATALAWA-DEHIATHTHAKANDIYA.-9-Sep.pdf",30,30,"success",""
"Batticaloa_Ampara","April",2026,"08-BATTICALOA-DISTRICT-AMPARA-DISTRICT-4-Apr.pdf",30,30,"success",""
"Batticaloa_Ampara","August",2026,"08-BATTICALOA-DISTRICT-AMPARA-DISTRICT-8-Aug.pdf",31,31,"success",""
"Batticaloa_Ampara","December",2026,"08-BATTICALOA-DISTRICT-AMPARA-DISTRICT-12-Dec.pdf",31,31,"success",""
"Batticaloa_Ampara","February",2026,"08-BATTICALOA-DISTRICT-AMPARA-DISTRICT-2-Feb.pdf",28,29,"warning","Expected 28 days, found 29"
"Batticaloa_Ampara","January",2026,"08-BATTICALOA-DISTRICT-AMPARA-DISTRICT-1-Jan.pdf",31,31,"success",""
"Batticaloa_Ampara","July",2026,"08-BATTICALOA-DISTRICT-AMPARA-DISTRICT-7-July.pdf",31,31,"success",""
"Batticaloa_Ampara","June",2026,"08-BATTICALOA-DISTRICT-AMPARA-DISTRICT-6-June.pdf",30,30,"success",""
"Batticaloa_Ampara","March",2026,"08-BATTICALOA-DISTRICT-AMPARA-DISTRICT-3-Mar.pdf",31,31,"success",""
"Batticaloa_Ampara","May",2026,"08-BATTICALOA-DISTRICT-AMPARA-DISTRICT-5-May.pdf",31,31,"success",""
"Batticaloa_Ampara","November",2026,"08-BATTICALOA-DISTRICT-AMPARA-DISTRICT-11-Nov.pdf",30,30,"success",""
"Batticaloa_Ampara","October",2026,"08-BATTICALOA-DISTRICT-AMPARA-DISTRICT-10-Oct.pdf",31,31,"success",""
"Batticaloa_Ampara","September",2026,"08-BATTICALOA-DISTRICT-AMPARA-DISTRICT-9-Sep.pdf",30,30,"success",""
"Colombo_Gampaha_Kalutara","April",2026,"01-COLOMBO-DISTRICT-GAMPAHA-DISTRICT-KALUTARA-DISTRICT-4-Apr.pdf",30,30,"success",""
"Colombo_Gampaha_Kalutara","August",2026,"01-COLOMBO-DISTRICT-GAMPAHA-DISTRICT-KALUTARA-DISTRICT-8-Aug.pdf",31,31,"success",""
"Colombo_Gampaha_Kalutara","December",2026,"01-COLOMBO-DISTRICT-GAMPAHA-DISTRICT-KALUTARA-DISTRICT-12-Dec.pdf",31,31,"success",""
"Colombo_Gampaha_Kalutara","February",2026,"01-COLOMBO-DISTRICT-GAMPAHA-DISTRICT-KALUTARA-DISTRICT-2-Feb.pdf",28,29,"warning","Expected 28 days, found 29"
"Colombo_Gampaha_Kalutara","January",2026,"01-COLOMBO-DISTRICT-GAMPAHA-DISTRICT-KALUTARA-DISTRICT-1-Jan.pdf",31,31,"success",""
"Colombo_Gampaha_Kalutara","July",2026,"01-COLOMBO-DISTRICT-GAMPAHA-DISTRICT-KALUTARA-DISTRICT-7-July.pdf",31,31,"success",""
"Colombo_Gampaha_Kalutara","June",2026,"01-COLOMBO-DISTRICT-GAMPAHA-DISTRICT-KALUTARA-DISTRICT-6-June.pdf",30,30,"success",""
"Colombo_Gampaha_Kalutara","March",2026,"01-COLOMBO-DISTRICT-GAMPAHA-DISTRICT-KALUTARA-DISTRICT-3-Mar.pdf",31,31,"success",""
"Colombo_Gampaha_Kalutara","May",2026,"01-COLOMBO-DISTRICT-GAMPAHA-DISTRICT-KALUTARA-DISTRICT-4-May.pdf",31,31,"success",""
"Colombo_Gampaha_Kalutara","November",2026,"01-COLOMBO-DISTRICT-GAMPAHA-DISTRICT-KALUTARA-DISTRICT-11-Nov.pdf",30,30,"success",""
"Colombo_Gampaha_Kalutara","October",2026,"01-COLOMBO-DISTRICT-GAMPAHA-DISTRICT-KALUTARA-DISTRICT-10-Oct.pdf",31,31,"success",""
"Colombo_Gampaha_Kalutara","September",2026,"01-COLOMBO-DISTRICT-GAMPAHA-DISTRICT-KALUTARA-DISTRICT-9-Sep.pdf",30,30,"success",""
"Galle_Matara","April",2026,"12-GALLE-DISTRICT-MATARA-DISTRICT-4-Apr.pdf",30,30,"success",""
"Galle_Matara","August",2026,"12-GALLE-DISTRICT-MATARA-DISTRICT-8-Aug.pdf",31,31,"success",""
"Galle_Matara","December",2026,"12-GALLE-DISTRICT-MATARA-DISTRICT-12-Dec.pdf",31,31,"success",""
"Galle_Matara","February",2026,"12-GALLE-DISTRICT-MATARA-DISTRICT-2-Feb.pdf",28,29,"warning","Expected 28 days, found 29"
"Galle_Matara","January",2026,"12-GALLE-DISTRICT-MATARA-DISTRICT-1-Jan.pdf",31,31,"success",""
"Galle_Matara","July",2026,"12-GALLE-DISTRICT-MATARA-DISTRICT-7-July.pdf",31,31,"success",""
"Galle_Matara","June",2026,"12-GALLE-DISTRICT-MATARA-DISTRICT-6-June.pdf",30,30,"success",""
"Galle_Matara","March",2026,"12-GALLE-DISTRICT-MATARA-DISTRICT-3-Mar.pdf",31,31,"success",""
"Galle_Matara","May",2026,"12-GALLE-DISTRICT-MATARA-DISTRICT-5-May.pdf",31,31,"success",""
"Galle_Matara","November",2026,"12-GALLE-DISTRICT-MATARA-DISTRICT-11-Nov.pdf",30,30,"success",""
"Galle_Matara","October",2026,"12-GALLE-DISTRICT-MATARA-DISTRICT-10-Oct.pdf",31,31,"success",""
"Galle_Matara","September",2026,"12-GALLE-DISTRICT-MATARA-DISTRICT-9-Sep.pdf",30,30,"success",""
"Hambantota","April",2026,"13-HAMBANTOTA-DISTRICT-4-Apr.pdf",30,30,"success",""
"Hambantota","August",2026,"13-HAMBANTOTA-DISTRICT-8-Aug.pdf",31,31,"success",""
"Hambantota","December",2026,"13-HAMBANTOTA-DISTRICT-12-Dec.pdf",31,31,"success",""
"Hambantota","February",2026,"13-HAMBANTOTA-DISTRICT-2-Feb.pdf",28,29,"warning","Expected 28 days, found 29"
"Hambantota","January",2026,"13-HAMBANTOTA-DISTRICT-1-Jan.pdf",31,31,"success",""
"Hambantota","July",2026,"13-HAMBANTOTA-DISTRICT-7-July.pdf",31,31,"success",""
"Hambantota","June",2026,"13-HAMBANTOTA-DISTRICT-6-June.pdf",30,30,"success",""
"Hambantota","March",2026,"13-HAMBANTOTA-DISTRICT-3-Mar.pdf",31,31,"success",""
"Hambantota","May",2026,"13-HAMBANTOTA-DISTRICT-5-May.pdf",31,31,"success",""
"Hambantota","November",2026,"13-HAMBANTOTA-DISTRICT-11-Nov.pdf",30,30,"success",""
"Hambantota","October",2026,"13-HAMBANTOTA-DISTRICT-10-Oct.pdf",31,31,"success",""
"Hambantota","September",2026,"13-HAMBANTOTA-DISTRICT-9-Sep.pdf",30,30,"success",""
"Jaffna_Nallur","April",2026,"02-JAFFNA-DISTRICT-NALLUR-4-Apr.pdf",30,30,"success",""
"Jaffna_Nallur","August",2026,"02-JAFFNA-DISTRICT-NALLUR-8-Aug.pdf",31,31,"success",""
"Jaffna_Nallur","December",2026,"02-JAFFNA-DISTRICT-NALLUR-12-Dec.pdf",31,31,"success",""
"Jaffna_Nallur","February",2026,"02-JAFFNA-DISTRICT-NALLUR-2-Feb.pdf",28,29,"warning","Expected 28 days, found 29"
"Jaffna_Nallur","January",2026,"02-JAFFNA-DISTRICT-NALLUR-1-Jan.pdf",31,31,"success",""
"Jaffna_Nallur","July",2026,"02-JAFFNA-DISTRICT-NALLUR-7-July.pdf",31,31,"success",""
"Jaffna_Nallur","June",2026,"02-JAFFNA-DISTRICT-NALLUR-6-June.pdf",30,30,"success",""
"Jaffna_Nallur","March",2026,"02-JAFFNA-DISTRICT-NALLUR-3-Mar.pdf",31,31,"success",""
"Jaffna_Nallur","May",2026,"02-JAFFNA-DISTRICT-NALLUR-4-May.pdf",31,31,"success",""
"Jaffna_Nallur","November",2026,"02-JAFFNA-DISTRICT-NALLUR-11-Nov.pdf",30,30,"success",""
"Jaffna_Nallur","October",2026,"02-JAFFNA-DISTRICT-NALLUR-10-Oct.pdf",31,31,"success",""
"Jaffna_Nallur","September",2026,"02-JAFFNA-DISTRICT-NALLUR-9-Sep.pdf",30,30,"success",""
"Kandy_Matale_Nuwara_Eliya","April",2026,"07-KANDY-DISTRICT-MATALE-DISTRICT-NUWARA-ELIYA-DISTRICT-4-Apr.pdf",30,30,"success",""
"Kandy_Matale_Nuwara_Eliya","August",2026,"07-KANDY-DISTRICT-MATALE-DISTRICT-NUWARA-ELIYA-DISTRICT-8-Aug.pdf",31,31,"success",""
"Kandy_Matale_Nuwara_Eliya","December",2026,"07-KANDY-DISTRICT-MATALE-DISTRICT-NUWARA-ELIYA-DISTRICT-12-Dec.pdf",31,31,"success",""
"Kandy_Matale_Nuwara_Eliya","February",2026,"07-KANDY-DISTRICT-MATALE-DISTRICT-NUWARA-ELIYA-DISTRICT-2-Feb.pdf",28,29,"warning","Expected 28 days, found 29"
"Kandy_Matale_Nuwara_Eliya","January",2026,"07-KANDY-DISTRICT-MATALE-DISTRICT-NUWARA-ELIYA-DISTRICT-1-Jan.pdf",31,31,"success",""
"Kandy_Matale_Nuwara_Eliya","July",2026,"07-KANDY-DISTRICT-MATALE-DISTRICT-NUWARA-ELIYA-DISTRICT-7-July.pdf",31,31,"success",""
"Kandy_Matale_Nuwara_Eliya","June",2026,"07-KANDY-DISTRICT-MATALE-DISTRICT-NUWARA-ELIYA-DISTRICT-6-June.pdf",30,30,"success",""
"Kandy_Matale_Nuwara_Eliya","March",2026,"07-KANDY-DISTRICT-MATALE-DISTRICT-NUWARA-ELIYA-DISTRICT-3-Mar.pdf",31,31,"success",""
"Kandy_Matale_Nuwara_Eliya","May",2026,"07-KANDY-DISTRICT-MATALE-DISTRICT-NUWARA-ELIYA-DISTRICT-5-May.pdf",31,31,"success",""
"Kandy_Matale_Nuwara_Eliya","November",2026,"07-KANDY-DISTRICT-MATALE-DISTRICT-NUWARA-ELIYA-DISTRICT-11-Nov.pdf",30,30,"success",""
"Kandy_Matale_Nuwara_Eliya","October",2026,"07-KANDY-DISTRICT-MATALE-DISTRICT-NUWARA-ELIYA-DISTRICT-10-Oct.pdf",31,31,"success",""
"Kandy_Matale_Nuwara_Eliya","September",2026,"07-KANDY-DISTRICT-MATALE-DISTRICT-NUWARA-ELIYA-DISTRICT-9-Sep.pdf",30,30,"success",""
"Kurunegala","April",2026,"06-KURUNEGALA-DISTRICT-4-Apr.pdf",30,30,"success",""
"Kurunegala","August",2026,"06-KURUNEGALA-DISTRICT-8-Aug.pdf",31,31,"success",""
"Kurunegala","December",2026,"06-KURUNEGALA-DISTRICT-12-Dec.pdf",31,31,"success",""
"Kurunegala","February",2026,"06-KURUNEGALA-DISTRICT-2-Feb.pdf",28,29,"warning","Expected 28 days, found 29"
"Kurunegala","January",2026,"06-KURUNEGALA-DISTRICT-1-Jan.pdf",31,31,"success",""
"Kurunegala","July",2026,"06-KURUNEGALA-DISTRICT-7-July.pdf",31,31,"success",""
"Kurunegala","June",2026,"06-KURUNEGALA-DISTRICT-6-June.pdf",30,30,"success",""
"Kurunegala","March",2026,"06-KURUNEGALA-DISTRICT-3-Mar.pdf",31,31,"success",""
"Kurunegala","May",2026,"06-KURUNEGALA-DISTRICT-5-May.pdf",31,31,"success",""
"Kurunegala","November",2026,"06-KURUNEGALA-DISTRICT-11-Nov.pdf",30,30,"success",""
"Kurunegala","October",2026,"06-KURUNEGALA-DISTRICT-10-Oct.pdf",31,31,"success",""
"Kurunegala","September",2026,"06-KURUNEGALA-DISTRICT-9-Sep.pdf",30,30,"success",""
"Mannar_Puttalam","April",2026,"04-MANNAR-DISTRICT-PUTTALAM-DISTRICT-4-Apr.pdf",30,30,"success",""
"Mannar_Puttalam","August",2026,"04-MANNAR-DISTRICT-PUTTALAM-DISTRICT-8-Aug.pdf",31,31,"success",""
"Mannar_Puttalam","December",2026,"04-MANNAR-DISTRICT-PUTTALAM-DISTRICT-12-Dec.pdf",31,31,"success",""
"Mannar_Puttalam","February",2026,"04-MANNAR-DISTRICT-PUTTALAM-DISTRICT-2-Feb.pdf",28,29,"warning","Expected 28 days, found 29"
"Mannar_Puttalam","January",2026,"04-MANNAR-DISTRICT-PUTTALAM-DISTRICT-1-Jan.pdf",31,31,"success",""
"Mannar_Puttalam","July",2026,"04-MANNAR-DISTRICT-PUTTALAM-DISTRICT-7-July.pdf",31,31,"success",""
"Mannar_Puttalam","June",2026,"04-MANNAR-DISTRICT-PUTTALAM-DISTRICT-6-June.pdf",30,30,"success",""
"Mannar_Puttalam","March",2026,"04-MANNAR-DISTRICT-PUTTALAM-DISTRICT-3-Mar.pdf",31,31,"success",""
"Mannar_Puttalam","May",2026,"04-MANNAR-DISTRICT-PUTTALAM-DISTRICT-5-May.pdf",31,31,"success",""
"Mannar_Puttalam","November",2026,"04-MANNAR-DISTRICT-PUTTALAM-DISTRICT-11-Nov.pdf",30,30,"success",""
"Mannar_Puttalam","October",2026,"04-MANNAR-DISTRICT-PUTTALAM-DISTRICT-10-Oct.pdf",31,31,"success",""
"Mannar_Puttalam","September",2026,"04-MANNAR-DISTRICT-PUTTALAM-DISTRICT-9-Sep.pdf",30,30,"success",""
"Mullaitivu_Kilinochchi_Vavuniya","April",2026,"03-MULLAITIVU-DISTRICT-EXCEPT-NALLUR-KILINOCHCHI-DISTRICT-VAVUNIYA-DISTRICT-4-Apr.pdf",30,30,"success",""
"Mullaitivu_Kilinochchi_Vavuniya","August",2026,"03-MULLAITIVU-DISTRICT-EXCEPT-NALLUR-KILINOCHCHI-DISTRICT-VAVUNIYA-DISTRICT-8-Aug.pdf",31,31,"success",""
"Mullaitivu_Kilinochchi_Vavuniya","December",2026,"03-MULLAITIVU-DISTRICT-EXCEPT-NALLUR-KILINOCHCHI-DISTRICT-VAVUNIYA-DISTRICT-12-Dec.pdf",31,31,"success",""
"Mullaitivu_Kilinochchi_Vavuniya","February",2026,"03-MULLAITIVU-DISTRICT-EXCEPT-NALLUR-KILINOCHCHI-DISTRICT-VAVUNIYA-DISTRICT-2-Feb.pdf",28,29,"warning","Expected 28 days, found 29"
"Mullaitivu_Kilinochchi_Vavuniya","January",2026,"03-MULLAITIVU-DISTRICT-EXCEPT-NALLUR-KILINOCHCHI-DISTRICT-VAVUNIYA-DISTRICT-1-Jan.pdf",31,31,"success",""
"Mullaitivu_Kilinochchi_Vavuniya","July",2026,"03-MULLAITIVU-DISTRICT-EXCEPT-NALLUR-KILINOCHCHI-DISTRICT-VAVUNIYA-DISTRICT-7-July.pdf",31,31,"success",""
"Mullaitivu_Kilinochchi_Vavuniya","June",2026,"03-MULLAITIVU-DISTRICT-EXCEPT-NALLUR-KILINOCHCHI-DISTRICT-VAVUNIYA-DISTRICT-6-June.pdf",30,30,"success",""
"Mullaitivu_Kilinochchi_Vavuniya","March",2026,"03-MULLAITIVU-DISTRICT-EXCEPT-NALLUR-KILINOCHCHI-DISTRICT-VAVUNIYA-DISTRICT-3-Mar.pdf",31,31,"success",""
"Mullaitivu_Kilinochchi_Vavuniya","May",2026,"03-MULLAITIVU-DISTRICT-EXCEPT-NALLUR-KILINOCHCHI-DISTRICT-VAVUNIYA-DISTRICT-5-May.pdf",31,31,"success",""
"Mullaitivu_Kilinochchi_Vavuniya","November",2026,"03-MULLAITIVU-DISTRICT-EXCEPT-NALLUR-KILINOCHCHI-DISTRICT-VAVUNIYA-DISTRICT-11-Nov.pdf",30,30,"success",""
"Mullaitivu_Kilinochchi_Vavuniya","October",2026,"03-MULLAITIVU-DISTRICT-EXCEPT-NALLUR-KILINOCHCHI-DISTRICT-VAVUNIYA-DISTRICT-10-Oct.pdf",31,31,"success",""
"Mullaitivu_Kilinochchi_Vavuniya","September",2026,"03-MULLAITIVU-DISTRICT-EXCEPT-NALLUR-KILINOCHCHI-DISTRICT-VAVUNIYA-DISTRICT-9-Sep.pdf",30,30,"success",""
"Ratnapura_Kegalle","April",2026,"11-RATNAPURA-DISTRICT-KEGALLE-DISTRICT-4-Apr.pdf",30,30,"success",""
"Ratnapura_Kegalle","August",2026,"11-RATNAPURA-DISTRICT-KEGALLE-DISTRICT-8-Aug.pdf",31,31,"success",""
"Ratnapura_Kegalle","December",2026,"11-RATNAPURA-DISTRICT-KEGALLE-DISTRICT-12-Dec.pdf",31,31,"success",""
"Ratnapura_Kegalle","February",2026,"11-RATNAPURA-DISTRICT-KEGALLE-DISTRICT-2-Feb.pdf",28,29,"warning","Expected 28 days, found 29"
"Ratnapura_Kegalle","January",2026,"11-RATNAPURA-DISTRICT-KEGALLE-DISTRICT-1-Jan.pdf",31,31,"success",""
"Ratnapura_Kegalle","July",2026,"11-RATNAPURA-DISTRICT-KEGALLE-DISTRICT-7-July.pdf",31,31,"success",""
"Ratnapura_Kegalle","June",2026,"11-RATNAPURA-DISTRICT-KEGALLE-DISTRICT-6-June.pdf",30,30,"success",""
"Ratnapura_Kegalle","March",2026,"11-RATNAPURA-DISTRICT-KEGALLE-DISTRICT-3-Mar.pdf",31,31,"success",""
"Ratnapura_Kegalle","May",2026,"11-RATNAPURA-DISTRICT-KEGALLE-DISTRICT-5-May.pdf",31,31,"success",""
"Ratnapura_Kegalle","November",2026,"11-RATNAPURA-DISTRICT-KEGALLE-DISTRICT-11-Nov.pdf",30,30,"success",""
"Ratnapura_Kegalle","October",2026,"11-RATNAPURA-DISTRICT-KEGALLE-DISTRICT-10-Oct.pdf",31,31,"success",""
"Ratnapura_Kegalle","September",2026,"11-RATNAPURA-DISTRICT-KEGALLE-DISTRICT-9-Sep.pdf",30,30,"success",""
"Trincomalee","April",2026,"09-TRINCOMALEE-DISTRICT-4-Apr.pdf",30,30,"success",""
"Trincomalee","August",2026,"09-TRINCOMALEE-DISTRICT-8-Aug.pdf",31,31,"success",""
"Trincomalee","December",2026,"09-TRINCOMALEE-DISTRICT-12-Dec.pdf",31,31,"success",""
"Trincomalee","February",2026,"09-TRINCOMALEE-DISTRICT-2-Feb.pdf",28,29,"warning","Expected 28 days, found 29"
"Trincomalee","January",2026,"09-TRINCOMALEE-DISTRICT-1-Jan.pdf",31,31,"success",""
"Trincomalee","July",2026,"09-TRINCOMALEE-DISTRICT-7-July.pdf",31,31,"success",""
"Trincomalee","June",2026,"09-TRINCOMALEE-DISTRICT-6-June.pdf",30,30,"success",""
"Trincomalee","March",2026,"09-TRINCOMALEE-DISTRICT-3-Mar.pdf",31,31,"success",""
"Trincomalee","May",2026,"09-TRINCOMALEE-DISTRICT-5-May.pdf",31,31,"success",""
"Trincomalee","November",2026,"09-TRINCOMALEE-DISTRICT-11-Nov.pdf",30,30,"success",""
"Trincomalee","October",2026,"09-TRINCOMALEE-DISTRICT-10-Oct.pdf",31,31,"success",""
"Trincomalee","September",2026,"09-TRINCOMALEE-DISTRICT-9-Sep.pdf",30,30,"success",""